"Tabela 2296 - Custo médio m² em moeda corrente e variações percentuais no mês, no ano e em doze meses"
"Variável - Custo médio m² - moeda corrente (Reais)"
"Brasil e Grande Região";"Mês"
"Brasil e Grande Região";"setembro 2012";"outubro 2012";"novembro 2012";"dezembro 2012";"janeiro 2013";"fevereiro 2013";"março 2013";"abril 2013";"maio 2013";"junho 2013";"julho 2013";"agosto 2013";"setembro 2013";"outubro 2013";"novembro 2013";"dezembro 2013";"janeiro 2014";"fevereiro 2014";"março 2014";"abril 2014";"maio 2014";"junho 2014";"julho 2014";"agosto 2014";"setembro 2014";"outubro 2014";"novembro 2014";"dezembro 2014";"janeiro 2015";"fevereiro 2015";"março 2015";"abril 2015";"maio 2015";"junho 2015";"julho 2015";"agosto 2015";"setembro 2015";"outubro 2015";"novembro 2015";"dezembro 2015";"janeiro 2016";"fevereiro 2016";"março 2016";"abril 2016";"maio 2016";"junho 2016";"julho 2016";"agosto 2016";"setembro 2016";"outubro 2016";"novembro 2016";"dezembro 2016";"janeiro 2017";"fevereiro 2017";"março 2017";"abril 2017";"maio 2017";"junho 2017";"julho 2017";"agosto 2017";"setembro 2017";"outubro 2017";"novembro 2017";"dezembro 2017";"janeiro 2018";"fevereiro 2018";"março 2018";"abril 2018";"maio 2018";"junho 2018";"julho 2018";"agosto 2018";"setembro 2018";"outubro 2018";"novembro 2018";"dezembro 2018";"janeiro 2019";"fevereiro 2019";"março 2019";"abril 2019";"maio 2019";"junho 2019";"julho 2019";"agosto 2019";"setembro 2019";"outubro 2019";"novembro 2019";"dezembro 2019";"janeiro 2020";"fevereiro 2020";"março 2020";"abril 2020";"maio 2020";"junho 2020";"julho 2020";"agosto 2020";"setembro 2020";"outubro 2020";"novembro 2020";"dezembro 2020";"janeiro 2021";"fevereiro 2021";"março 2021";"abril 2021";"maio 2021";"junho 2021";"julho 2021";"agosto 2021";"setembro 2021";"outubro 2021";"novembro 2021";"dezembro 2021";"janeiro 2022";"fevereiro 2022";"março 2022";"abril 2022";"maio 2022";"junho 2022";"julho 2022";"agosto 2022";"setembro 2022";"outubro 2022";"novembro 2022";"dezembro 2022";"janeiro 2023";"fevereiro 2023";"março 2023";"abril 2023";"maio 2023";"junho 2023";"julho 2023";"agosto 2023";"setembro 2023";"outubro 2023";"novembro 2023";"dezembro 2023";"janeiro 2024";"fevereiro 2024";"março 2024";"abril 2024";"maio 2024";"junho 2024";"julho 2024";"agosto 2024";"setembro 2024";"outubro 2024";"novembro 2024";"dezembro 2024";"janeiro 2025";"fevereiro 2025";"março 2025";"abril 2025";"maio 2025";"junho 2025";"julho 2025";"agosto 2025";"setembro 2025";"outubro 2025";"novembro 2025";"dezembro 2025";"janeiro 2026";"fevereiro 2026"
"Brasil";"847,18";"850,06";"851,96";"855,64";"857,21";"863,46";"865,03";"870,97";"826,34";"890,76";"835,95";"840,76";"845,31";"849,07";"852,62";"860,10";"864,01";"867,83";"873,20";"877,19";"886,51";"891,73";"896,88";"901,50";"902,94";"905,65";"907,43";"913,32";"915,22";"916,85";"918,95";"923,58";"935,20";"942,00";"948,46";"955,12";"957,63";"960,17";"962,84";"963,39";"968,70";"976,82";"984,81";"989,37";"997,60";"1007,75";"1009,76";"1012,16";"1014,80";"1021,25";"1022,26";"1027,30";"1031,21";"1033,16";"1037,96";"1039,54";"1042,69";"1046,68";"1052,75";"1055,18";"1057,99";"1059,68";"1064,76";"1066,68";"1069,61";"1072,87";"1074,41";"1077,16";"1083,13";"1089,46";"1095,09";"1099,01";"1103,98";"1108,75";"1111,41";"1113,88";"1118,60";"1120,99";"1126,82";"1130,67";"1131,89";"1135,88";"1143,65";"1148,65";"1152,87";"1155,01";"1156,31";"1158,81";"1162,24";"1165,13";"1169,15";"1172,05";"1174,02";"1175,62";"1181,41";"1191,84";"1209,02";"1229,72";"1252,10";"1276,40";"1301,84";"1319,18";"1338,35";"1363,41";"1387,73";"1421,87";"1448,78";"1463,11";"1475,96";"1490,88";"1506,76";"1514,52";"1525,48";"1533,96";"1549,07";"1567,76";"1601,76";"1628,25";"1652,27";"1661,85";"1669,19";"1675,46";"1677,96";"1679,25";"1684,45";"1685,74";"1689,13";"1693,67";"1699,79";"1706,50";"1710,37";"1713,52";"1713,87";"1716,30";"1717,71";"1722,19";"1725,52";"1728,11";"1729,25";"1736,37";"1739,26";"1748,99";"1756,01";"1767,09";"1773,20";"1782,51";"1786,82";"1790,66";"1799,82";"1803,90";"1810,25";"1818,64";"1826,53";"1842,65";"1848,39";"1863,00";"1872,24";"1877,29";"1882,06";"1891,63";"1920,74";"1925,08"
"Norte";"852,88";"869,20";"870,51";"873,05";"877,32";"879,31";"881,27";"882,52";"833,07";"886,83";"833,78";"841,03";"856,90";"864,77";"867,00";"871,08";"877,27";"884,77";"889,51";"889,74";"891,75";"894,95";"899,15";"906,16";"906,72";"920,77";"921,38";"922,27";"928,95";"930,62";"932,72";"934,02";"937,10";"942,96";"949,90";"958,81";"964,22";"987,54";"990,96";"995,18";"1000,59";"1006,32";"1009,38";"1010,81";"1013,78";"1017,08";"1017,74";"1018,02";"1021,41";"1038,04";"1036,79";"1038,92";"1049,45";"1050,78";"1052,31";"1052,37";"1051,14";"1054,96";"1053,04";"1052,73";"1059,63";"1062,53";"1066,13";"1065,63";"1066,91";"1068,69";"1068,43";"1069,19";"1072,16";"1074,87";"1079,35";"1083,47";"1091,98";"1111,96";"1117,65";"1122,05";"1123,38";"1124,34";"1129,10";"1135,07";"1137,65";"1143,81";"1146,07";"1147,70";"1157,07";"1168,34";"1167,41";"1169,45";"1175,74";"1176,06";"1179,62";"1179,66";"1181,52";"1185,14";"1188,86";"1199,40";"1221,08";"1243,85";"1267,48";"1289,71";"1306,14";"1317,87";"1331,86";"1351,76";"1367,38";"1382,99";"1400,82";"1413,47";"1438,32";"1475,26";"1494,32";"1506,36";"1525,10";"1536,33";"1551,07";"1570,98";"1590,14";"1608,46";"1622,08";"1645,35";"1653,98";"1678,09";"1686,47";"1697,69";"1709,77";"1725,71";"1726,36";"1727,61";"1731,85";"1739,40";"1740,81";"1741,51";"1750,02";"1763,67";"1766,89";"1772,31";"1782,91";"1785,43";"1787,75";"1790,99";"1797,02";"1804,11";"1808,48";"1815,94";"1820,93";"1849,69";"1852,56";"1857,81";"1866,70";"1871,43";"1879,34";"1884,03";"1888,74";"1897,38";"1901,87";"1915,71";"1920,72";"1939,00";"1942,32";"1943,65";"1969,53";"1979,68"
"Nordeste";"794,31";"796,18";"797,69";"805,66";"806,62";"808,71";"810,51";"819,04";"776,47";"828,76";"780,36";"782,93";"787,14";"791,40";"797,72";"806,33";"810,64";"813,53";"818,23";"826,76";"829,75";"831,63";"835,95";"836,89";"838,59";"840,30";"846,69";"851,61";"852,37";"854,97";"858,03";"867,05";"868,48";"872,88";"878,57";"879,34";"884,95";"886,89";"890,48";"889,98";"899,55";"911,11";"912,41";"924,25";"926,82";"934,45";"938,97";"939,93";"939,23";"940,73";"945,74";"948,71";"954,49";"956,27";"960,27";"964,77";"972,25";"972,30";"973,50";"978,98";"982,83";"983,76";"988,82";"991,97";"994,66";"999,04";"1002,21";"1003,77";"1008,88";"1014,92";"1019,82";"1021,46";"1027,00";"1031,17";"1034,74";"1037,37";"1039,39";"1040,67";"1045,73";"1050,49";"1052,90";"1058,57";"1060,26";"1064,19";"1064,53";"1064,44";"1065,52";"1067,68";"1072,56";"1076,40";"1083,86";"1086,49";"1089,44";"1091,56";"1096,97";"1109,75";"1127,78";"1151,11";"1173,31";"1201,17";"1229,05";"1246,23";"1265,29";"1293,48";"1318,11";"1343,47";"1364,47";"1378,49";"1386,06";"1395,40";"1409,08";"1418,32";"1433,20";"1441,22";"1453,09";"1468,90";"1489,50";"1523,66";"1546,52";"1549,97";"1556,52";"1560,37";"1561,13";"1560,52";"1561,05";"1561,97";"1569,86";"1577,97";"1581,22";"1591,72";"1593,03";"1592,25";"1590,83";"1593,63";"1595,83";"1599,14";"1606,98";"1609,65";"1611,39";"1618,44";"1623,23";"1627,22";"1636,95";"1643,19";"1651,20";"1657,78";"1661,51";"1664,21";"1674,30";"1676,48";"1682,30";"1694,67";"1707,76";"1715,37";"1727,22";"1733,42";"1744,78";"1749,43";"1752,28";"1756,96";"1789,39";"1793,32"
"Sudeste";"880,67";"882,38";"885,47";"886,58";"888,14";"900,83";"901,20";"908,70";"864,41";"939,23";"875,25";"877,30";"880,06";"880,88";"884,56";"895,16";"899,11";"903,72";"910,77";"912,44";"933,07";"940,03";"942,18";"943,67";"944,96";"946,94";"945,19";"954,31";"956,23";"956,88";"957,00";"960,19";"986,87";"994,68";"998,96";"1000,64";"1000,24";"1000,06";"1001,46";"1001,61";"1004,39";"1010,58";"1026,97";"1026,93";"1044,07";"1060,18";"1060,85";"1059,87";"1064,76";"1073,36";"1071,71";"1073,62";"1075,93";"1078,42";"1085,96";"1086,17";"1088,12";"1093,07";"1103,17";"1103,71";"1104,79";"1104,90";"1110,09";"1111,87";"1116,94";"1119,40";"1120,50";"1123,96";"1133,68";"1140,77";"1145,63";"1151,72";"1156,05";"1156,76";"1157,52";"1158,29";"1167,87";"1171,12";"1177,76";"1180,74";"1181,12";"1183,20";"1196,52";"1196,65";"1203,20";"1204,23";"1205,14";"1208,86";"1210,88";"1213,94";"1216,75";"1221,51";"1222,84";"1224,52";"1233,10";"1241,92";"1258,43";"1277,56";"1297,90";"1319,86";"1347,06";"1364,56";"1385,56";"1412,62";"1441,87";"1482,71";"1516,02";"1526,39";"1535,22";"1551,51";"1567,24";"1572,22";"1579,80";"1588,16";"1606,30";"1624,46";"1676,34";"1705,96";"1723,94";"1732,44";"1737,19";"1736,74";"1736,53";"1735,03";"1744,44";"1742,11";"1741,96";"1744,00";"1754,28";"1753,66";"1761,77";"1760,79";"1760,23";"1760,70";"1761,83";"1764,24";"1763,58";"1765,45";"1767,73";"1779,23";"1780,28";"1794,00";"1802,02";"1812,50";"1818,71";"1827,75";"1833,32";"1837,08";"1847,11";"1852,77";"1859,07";"1865,98";"1871,96";"1895,90";"1898,03";"1910,30";"1914,67";"1917,58";"1924,15";"1942,83";"1969,85";"1974,20"
"Sul";"863,77";"864,22";"864,79";"867,62";"869,01";"872,73";"878,63";"878,76";"833,81";"906,77";"849,48";"866,60";"870,95";"872,40";"871,89";"873,81";"876,83";"878,74";"883,09";"886,85";"887,87";"896,00";"908,65";"915,99";"918,33";"920,90";"923,36";"927,22";"929,21";"930,34";"937,07";"940,83";"945,35";"956,45";"968,31";"992,51";"995,06";"994,14";"997,95";"999,77";"1001,65";"1011,28";"1018,20";"1020,59";"1021,76";"1032,05";"1034,04";"1034,72";"1036,62";"1045,37";"1045,86";"1067,70";"1069,08";"1071,44";"1073,93";"1074,48";"1075,55";"1083,13";"1097,55";"1098,62";"1100,68";"1101,80";"1103,97";"1105,39";"1106,85";"1110,72";"1110,57";"1115,02";"1117,34";"1127,22";"1137,63";"1141,00";"1144,47";"1147,40";"1151,60";"1157,34";"1159,47";"1162,51";"1172,08";"1175,96";"1177,85";"1182,70";"1197,14";"1215,17";"1217,74";"1220,73";"1222,41";"1222,66";"1223,27";"1225,25";"1226,42";"1228,32";"1230,98";"1230,35";"1232,40";"1241,81";"1255,02";"1277,25";"1305,70";"1335,31";"1359,87";"1381,65";"1394,91";"1422,44";"1438,67";"1493,35";"1521,78";"1547,75";"1565,49";"1572,52";"1586,39";"1594,85";"1599,93";"1608,41";"1614,83";"1637,91";"1649,32";"1661,71";"1717,01";"1729,30";"1745,74";"1750,43";"1756,20";"1761,89";"1761,86";"1764,72";"1772,25";"1780,65";"1785,67";"1803,11";"1806,36";"1832,80";"1833,64";"1835,70";"1838,00";"1842,66";"1843,86";"1845,73";"1845,48";"1847,03";"1846,40";"1855,99";"1857,70";"1891,57";"1893,82";"1901,72";"1906,57";"1912,00";"1919,27";"1923,81";"1932,06";"1940,27";"1946,66";"1959,77";"1963,54";"2006,49";"2008,63";"2012,55";"2019,37";"2021,12";"2048,37";"2051,45"
"Centro-Oeste";"861,15";"862,68";"863,39";"865,30";"866,64";"868,22";"867,67";"870,96";"823,05";"884,59";"847,13";"851,77";"854,16";"867,30";"867,79";"869,57";"871,05";"873,79";"876,60";"878,69";"881,56";"888,88";"899,82";"923,48";"924,26";"922,72";"923,53";"927,03";"928,00";"931,04";"931,75";"931,82";"934,22";"940,19";"950,34";"971,10";"972,21";"972,68";"975,18";"975,71";"981,50";"986,11";"988,63";"993,31";"998,86";"999,76";"1000,06";"1025,21";"1030,18";"1031,78";"1033,10";"1037,84";"1039,08";"1039,49";"1042,08";"1042,27";"1042,77";"1051,36";"1053,77";"1058,04";"1061,59";"1071,77";"1081,84";"1083,05";"1081,68";"1085,08";"1086,88";"1090,29";"1091,76";"1094,67";"1100,46";"1103,92";"1108,21";"1119,42";"1121,77";"1124,32";"1125,20";"1128,33";"1129,42";"1131,69";"1130,22";"1132,97";"1134,91";"1148,91";"1154,06";"1158,31";"1163,57";"1165,74";"1171,04";"1173,73";"1175,45";"1175,84";"1176,20";"1176,87";"1179,66";"1189,95";"1208,09";"1222,25";"1244,12";"1260,87";"1280,81";"1297,35";"1322,36";"1330,39";"1352,93";"1379,39";"1406,76";"1424,02";"1452,91";"1470,62";"1494,20";"1503,31";"1515,22";"1523,16";"1548,88";"1572,30";"1623,17";"1637,98";"1658,26";"1676,13";"1683,10";"1709,83";"1719,10";"1722,72";"1727,02";"1728,23";"1727,96";"1728,52";"1730,74";"1739,19";"1737,71";"1741,72";"1743,37";"1742,32";"1739,31";"1754,88";"1755,14";"1761,49";"1756,78";"1757,56";"1763,22";"1778,82";"1782,38";"1784,93";"1790,49";"1793,46";"1795,33";"1799,86";"1805,18";"1808,03";"1812,32";"1817,07";"1820,28";"1844,37";"1848,12";"1863,04";"1898,43";"1902,37";"1904,98";"1912,36";"1944,31";"1946,21"
"Fonte: IBGE - Sistema Nacional de Pesquisa de Custos e Índices da Construção Civil"

"Tabela 2296 - Custo médio m² em moeda corrente e variações percentuais no mês, no ano e em doze meses"
"Variável - Custo médio m² - componente material - moeda corrente (Reais)"
"Brasil e Grande Região";"Mês"
"Brasil e Grande Região";"setembro 2012";"outubro 2012";"novembro 2012";"dezembro 2012";"janeiro 2013";"fevereiro 2013";"março 2013";"abril 2013";"maio 2013";"junho 2013";"julho 2013";"agosto 2013";"setembro 2013";"outubro 2013";"novembro 2013";"dezembro 2013";"janeiro 2014";"fevereiro 2014";"março 2014";"abril 2014";"maio 2014";"junho 2014";"julho 2014";"agosto 2014";"setembro 2014";"outubro 2014";"novembro 2014";"dezembro 2014";"janeiro 2015";"fevereiro 2015";"março 2015";"abril 2015";"maio 2015";"junho 2015";"julho 2015";"agosto 2015";"setembro 2015";"outubro 2015";"novembro 2015";"dezembro 2015";"janeiro 2016";"fevereiro 2016";"março 2016";"abril 2016";"maio 2016";"junho 2016";"julho 2016";"agosto 2016";"setembro 2016";"outubro 2016";"novembro 2016";"dezembro 2016";"janeiro 2017";"fevereiro 2017";"março 2017";"abril 2017";"maio 2017";"junho 2017";"julho 2017";"agosto 2017";"setembro 2017";"outubro 2017";"novembro 2017";"dezembro 2017";"janeiro 2018";"fevereiro 2018";"março 2018";"abril 2018";"maio 2018";"junho 2018";"julho 2018";"agosto 2018";"setembro 2018";"outubro 2018";"novembro 2018";"dezembro 2018";"janeiro 2019";"fevereiro 2019";"março 2019";"abril 2019";"maio 2019";"junho 2019";"julho 2019";"agosto 2019";"setembro 2019";"outubro 2019";"novembro 2019";"dezembro 2019";"janeiro 2020";"fevereiro 2020";"março 2020";"abril 2020";"maio 2020";"junho 2020";"julho 2020";"agosto 2020";"setembro 2020";"outubro 2020";"novembro 2020";"dezembro 2020";"janeiro 2021";"fevereiro 2021";"março 2021";"abril 2021";"maio 2021";"junho 2021";"julho 2021";"agosto 2021";"setembro 2021";"outubro 2021";"novembro 2021";"dezembro 2021";"janeiro 2022";"fevereiro 2022";"março 2022";"abril 2022";"maio 2022";"junho 2022";"julho 2022";"agosto 2022";"setembro 2022";"outubro 2022";"novembro 2022";"dezembro 2022";"janeiro 2023";"fevereiro 2023";"março 2023";"abril 2023";"maio 2023";"junho 2023";"julho 2023";"agosto 2023";"setembro 2023";"outubro 2023";"novembro 2023";"dezembro 2023";"janeiro 2024";"fevereiro 2024";"março 2024";"abril 2024";"maio 2024";"junho 2024";"julho 2024";"agosto 2024";"setembro 2024";"outubro 2024";"novembro 2024";"dezembro 2024";"janeiro 2025";"fevereiro 2025";"março 2025";"abril 2025";"maio 2025";"junho 2025";"julho 2025";"agosto 2025";"setembro 2025";"outubro 2025";"novembro 2025";"dezembro 2025";"janeiro 2026";"fevereiro 2026"
"Brasil";"449,99";"451,20";"452,14";"453,79";"455,09";"456,58";"457,60";"457,97";"460,08";"460,89";"461,43";"463,03";"465,76";"468,27";"471,51";"474,10";"477,00";"480,39";"485,63";"487,48";"487,84";"489,58";"490,65";"492,01";"493,00";"495,29";"494,93";"497,37";"498,35";"499,23";"500,16";"502,33";"505,02";"507,16";"509,83";"510,89";"512,51";"513,41";"515,50";"516,06";"518,13";"523,53";"525,38";"526,78";"527,68";"528,55";"527,97";"527,83";"530,97";"531,49";"531,18";"531,21";"531,93";"533,89";"534,22";"534,41";"536,24";"536,28";"537,78";"537,12";"539,52";"540,58";"544,19";"544,97";"547,70";"550,66";"553,35";"554,15";"555,64";"558,75";"563,69";"566,91";"570,79";"574,70";"576,75";"579,33";"580,41";"583,63";"588,23";"590,15";"592,48";"595,15";"597,92";"602,23";"603,87";"605,40";"606,41";"605,64";"609,39";"612,61";"613,81";"614,38";"615,56";"616,59";"619,58";"629,52";"645,56";"666,03";"687,02";"710,33";"731,37";"748,58";"765,07";"789,10";"810,08";"829,19";"853,03";"866,89";"877,35";"888,45";"903,22";"910,06";"915,79";"922,86";"927,28";"944,49";"962,98";"974,47";"987,88";"994,67";"999,96";"1000,36";"1000,47";"1001,20";"1000,94";"1001,94";"1002,60";"1006,82";"1004,40";"1001,63";"1001,78";"1000,42";"998,17";"998,35";"999,15";"1001,89";"1003,26";"1004,92";"1006,19";"1007,30";"1006,80";"1006,25";"1009,31";"1014,31";"1019,25";"1027,32";"1031,57";"1034,95";"1036,80";"1039,82";"1043,45";"1046,66";"1051,98";"1056,33";"1058,77";"1064,10";"1068,14";"1071,42";"1075,50";"1078,39";"1081,31";"1085,16"
"Norte";"478,57";"482,38";"481,98";"484,96";"487,21";"488,76";"489,14";"490,73";"490,00";"489,01";"487,92";"490,29";"492,96";"499,94";"502,13";"505,98";"510,23";"515,66";"519,68";"520,31";"522,03";"523,25";"524,96";"526,63";"526,87";"529,10";"529,43";"531,75";"536,34";"537,61";"539,45";"540,12";"540,30";"543,51";"544,67";"549,76";"549,31";"556,62";"560,01";"561,40";"565,83";"571,63";"574,68";"575,38";"575,74";"576,24";"576,80";"576,96";"578,18";"576,78";"575,74";"576,47";"574,18";"575,57";"575,49";"574,98";"574,47";"574,20";"572,52";"571,91";"573,66";"575,95";"579,63";"579,05";"580,88";"582,66";"582,11";"583,05";"585,61";"588,05";"591,98";"595,59";"599,05";"615,48";"620,34";"624,54";"624,45";"625,50";"629,24";"633,19";"636,13";"640,52";"640,10";"640,75";"646,96";"650,75";"649,80";"651,96";"657,66";"657,78";"659,74";"659,52";"661,38";"665,00";"668,60";"679,13";"694,48";"717,29";"740,06";"762,53";"777,61";"789,32";"801,30";"819,69";"836,15";"846,20";"863,63";"879,76";"897,22";"911,90";"927,73";"937,92";"950,64";"955,63";"969,32";"989,03";"1004,00";"1021,00";"1030,42";"1036,13";"1047,15";"1041,01";"1052,19";"1064,49";"1075,89";"1089,64";"1090,28";"1091,53";"1091,26";"1094,28";"1093,66";"1095,25";"1092,17";"1093,16";"1094,07";"1099,12";"1109,67";"1112,07";"1114,55";"1115,63";"1117,77";"1117,65";"1119,95";"1120,75";"1124,14";"1136,53";"1141,78";"1147,01";"1150,49";"1153,28";"1153,26";"1155,93";"1160,63";"1166,15";"1169,83";"1172,70";"1176,09";"1174,31";"1175,81";"1176,60";"1178,60";"1187,60"
"Nordeste";"444,86";"446,89";"446,92";"446,81";"448,09";"447,93";"448,30";"449,29";"451,39";"449,22";"450,57";"453,75";"456,55";"459,89";"465,38";"469,99";"472,69";"475,35";"479,71";"481,24";"481,19";"482,03";"481,28";"482,39";"483,79";"485,50";"485,57";"488,89";"488,70";"489,54";"489,47";"490,83";"491,80";"493,37";"495,06";"495,82";"500,68";"500,91";"503,68";"503,87";"506,91";"512,59";"510,02";"512,26";"514,80";"514,75";"512,68";"512,50";"512,51";"513,86";"515,50";"515,04";"516,52";"518,15";"519,34";"519,36";"521,54";"521,35";"520,79";"524,70";"528,72";"529,65";"533,18";"534,76";"536,88";"539,43";"543,88";"545,43";"550,53";"552,78";"555,56";"557,18";"562,05";"565,99";"569,53";"571,74";"571,51";"572,71";"574,28";"575,81";"578,25";"579,98";"580,36";"581,43";"583,04";"583,38";"584,56";"585,52";"588,21";"592,04";"593,33";"594,97";"595,34";"597,34";"600,38";"611,24";"629,26";"653,47";"674,17";"701,59";"724,54";"739,50";"753,83";"779,44";"804,45";"821,17";"836,10";"848,13";"855,13";"864,91";"879,70";"887,80";"890,86";"896,78";"900,07";"913,70";"927,60";"942,55";"957,70";"960,93";"967,58";"969,33";"970,20";"967,51";"963,82";"964,31";"961,99";"968,92";"967,70";"965,49";"965,18";"964,56";"962,32";"963,46";"964,86";"966,41";"969,86";"971,04";"971,91";"970,90";"969,77";"966,85";"972,30";"979,22";"988,44";"994,89";"998,43";"1000,19";"1003,16";"1005,19";"1010,12";"1013,88";"1019,17";"1022,43";"1027,48";"1031,03";"1037,91";"1042,38";"1044,96";"1048,85";"1053,82";"1056,63"
"Sudeste";"445,23";"445,46";"447,95";"450,71";"451,81";"454,48";"455,20";"454,28";"456,57";"459,47";"458,99";"460,06";"462,52";"463,84";"467,54";"468,78";"472,54";"477,39";"484,67";"486,34";"485,82";"487,62";"488,96";"489,60";"490,32";"493,99";"491,89";"493,33";"495,13";"495,51";"495,68";"498,83";"502,90";"505,13";"509,36";"510,10";"509,52";"509,64";"510,25";"510,40";"510,92";"516,72";"520,63";"520,53";"519,28";"521,13";"521,67";"520,01";"527,33";"526,84";"524,82";"526,39";"527,62";"530,11";"528,55";"528,76";"531,45";"531,05";"536,37";"531,62";"532,71";"532,86";"536,86";"536,97";"542,10";"544,49";"547,92";"546,98";"544,07";"548,12";"555,93";"561,22";"564,35";"565,97";"565,65";"567,33";"569,86";"575,46";"582,66";"582,94";"586,86";"589,04";"595,56";"603,05";"604,41";"605,23";"606,15";"603,05";"607,29";"610,78";"610,92";"611,48";"612,81";"613,89";"616,49";"625,70";"642,21";"660,56";"680,94";"701,92";"721,83";"742,14";"763,08";"790,14";"812,04";"834,73";"867,67";"878,79";"889,98";"901,95";"913,69";"917,68";"924,80";"932,71";"934,04";"950,51";"974,39";"984,37";"995,95";"1004,55";"1005,26";"1004,05";"1003,19";"1001,44";"1001,14";"998,81";"998,02";"1000,65";"995,17";"987,17";"987,43";"985,10";"980,94";"979,99";"981,12";"982,48";"981,82";"984,05";"985,96";"987,44";"989,28";"988,07";"989,69";"998,69";"1002,19";"1011,54";"1017,22";"1019,46";"1015,40";"1020,92";"1026,13";"1027,54";"1033,50";"1037,23";"1036,84";"1044,88";"1048,12";"1051,36";"1057,84";"1058,70";"1056,76";"1060,00"
"Sul";"431,44";"431,43";"432,49";"433,89";"435,19";"437,16";"442,61";"442,48";"445,70";"448,35";"449,13";"449,01";"452,63";"453,54";"452,58";"453,91";"455,68";"455,51";"459,55";"463,35";"464,63";"467,88";"469,44";"467,24";"468,58";"471,14";"473,46";"476,16";"476,51";"476,88";"482,18";"486,09";"490,75";"493,82";"496,79";"497,49";"499,57";"500,32";"503,92";"506,13";"508,42";"512,78";"519,63";"521,61";"524,27";"524,74";"524,69";"525,66";"527,64";"529,72";"529,02";"525,22";"525,58";"528,29";"530,78";"531,31";"532,31";"531,94";"531,96";"530,66";"532,72";"533,84";"536,11";"537,53";"538,22";"544,48";"543,62";"545,69";"548,52";"553,42";"554,47";"557,51";"561,15";"563,18";"566,37";"570,96";"573,12";"575,87";"583,06";"586,94";"588,81";"593,41";"594,19";"597,69";"600,20";"603,20";"603,43";"603,68";"604,38";"607,88";"613,69";"610,32";"612,81";"612,11";"613,83";"623,24";"636,45";"657,20";"682,51";"709,05";"734,29";"752,39";"765,36";"792,53";"807,76";"827,55";"848,63";"870,82";"878,18";"882,96";"902,03";"910,49";"911,41";"919,79";"924,71";"944,31";"956,23";"963,24";"975,46";"979,59";"986,13";"988,44";"984,15";"990,20";"989,81";"993,35";"1006,97";"1015,37";"1019,99";"1028,43";"1031,25";"1028,93";"1029,81";"1031,83";"1033,19";"1041,42";"1035,34";"1033,01";"1037,28";"1045,68";"1038,25";"1044,17";"1048,02";"1040,95";"1042,37";"1048,91";"1049,30";"1059,29";"1073,24";"1071,49";"1072,93";"1080,23";"1086,62";"1096,68";"1100,10";"1100,85";"1097,05";"1100,98";"1104,55";"1106,39";"1116,57";"1123,21"
"Centro-Oeste";"484,26";"485,80";"484,82";"486,73";"488,07";"489,51";"488,62";"491,78";"494,41";"495,99";"499,08";"499,36";"501,75";"503,90";"504,39";"506,17";"506,52";"509,26";"512,07";"514,16";"516,99";"519,93";"524,65";"534,49";"535,25";"533,73";"534,54";"538,03";"536,75";"540,27";"540,98";"541,05";"543,65";"544,92";"545,74";"545,63";"546,74";"547,21";"549,71";"550,19";"552,65";"556,62";"556,93";"561,61";"563,73";"564,63";"562,73";"567,03";"567,12";"568,72";"570,04";"569,91";"569,37";"569,78";"572,37";"573,32";"573,82";"577,27";"575,20";"576,56";"579,96";"583,81";"587,90";"589,11";"587,74";"591,14";"592,78";"596,19";"600,61";"600,99";"607,73";"607,90";"612,21";"615,89";"618,35";"621,56";"620,82";"623,92";"625,50";"630,79";"626,38";"629,88";"631,17";"638,07";"635,43";"639,68";"643,46";"642,10";"649,66";"652,35";"650,64";"653,71";"654,54";"652,06";"657,57";"667,53";"679,47";"693,37";"710,34";"725,80";"745,06";"761,27";"776,04";"783,65";"799,46";"819,76";"846,39";"864,09";"880,73";"897,80";"918,01";"926,81";"935,63";"943,34";"954,62";"981,19";"1005,37";"1012,22";"1032,55";"1048,57";"1060,63";"1066,66";"1063,58";"1067,64";"1068,16";"1068,82";"1068,02";"1066,76";"1061,22";"1057,26";"1055,64";"1054,21";"1056,24";"1054,52";"1051,11";"1053,87";"1057,73";"1063,42";"1058,24";"1055,16";"1054,13";"1055,15";"1055,69";"1058,24";"1060,84";"1067,16";"1072,22";"1075,03";"1079,27";"1082,12";"1081,41";"1085,04";"1087,05";"1088,78";"1091,38";"1100,24";"1109,17";"1112,46";"1115,07";"1126,20";"1132,99";"1134,15"
"Fonte: IBGE - Sistema Nacional de Pesquisa de Custos e Índices da Construção Civil"

"Tabela 2296 - Custo médio m² em moeda corrente e variações percentuais no mês, no ano e em doze meses"
"Variável - Custo médio m² - componente mão-de-obra - moeda corrente (Reais)"
"Brasil e Grande Região";"Mês"
"Brasil e Grande Região";"setembro 2012";"outubro 2012";"novembro 2012";"dezembro 2012";"janeiro 2013";"fevereiro 2013";"março 2013";"abril 2013";"maio 2013";"junho 2013";"julho 2013";"agosto 2013";"setembro 2013";"outubro 2013";"novembro 2013";"dezembro 2013";"janeiro 2014";"fevereiro 2014";"março 2014";"abril 2014";"maio 2014";"junho 2014";"julho 2014";"agosto 2014";"setembro 2014";"outubro 2014";"novembro 2014";"dezembro 2014";"janeiro 2015";"fevereiro 2015";"março 2015";"abril 2015";"maio 2015";"junho 2015";"julho 2015";"agosto 2015";"setembro 2015";"outubro 2015";"novembro 2015";"dezembro 2015";"janeiro 2016";"fevereiro 2016";"março 2016";"abril 2016";"maio 2016";"junho 2016";"julho 2016";"agosto 2016";"setembro 2016";"outubro 2016";"novembro 2016";"dezembro 2016";"janeiro 2017";"fevereiro 2017";"março 2017";"abril 2017";"maio 2017";"junho 2017";"julho 2017";"agosto 2017";"setembro 2017";"outubro 2017";"novembro 2017";"dezembro 2017";"janeiro 2018";"fevereiro 2018";"março 2018";"abril 2018";"maio 2018";"junho 2018";"julho 2018";"agosto 2018";"setembro 2018";"outubro 2018";"novembro 2018";"dezembro 2018";"janeiro 2019";"fevereiro 2019";"março 2019";"abril 2019";"maio 2019";"junho 2019";"julho 2019";"agosto 2019";"setembro 2019";"outubro 2019";"novembro 2019";"dezembro 2019";"janeiro 2020";"fevereiro 2020";"março 2020";"abril 2020";"maio 2020";"junho 2020";"julho 2020";"agosto 2020";"setembro 2020";"outubro 2020";"novembro 2020";"dezembro 2020";"janeiro 2021";"fevereiro 2021";"março 2021";"abril 2021";"maio 2021";"junho 2021";"julho 2021";"agosto 2021";"setembro 2021";"outubro 2021";"novembro 2021";"dezembro 2021";"janeiro 2022";"fevereiro 2022";"março 2022";"abril 2022";"maio 2022";"junho 2022";"julho 2022";"agosto 2022";"setembro 2022";"outubro 2022";"novembro 2022";"dezembro 2022";"janeiro 2023";"fevereiro 2023";"março 2023";"abril 2023";"maio 2023";"junho 2023";"julho 2023";"agosto 2023";"setembro 2023";"outubro 2023";"novembro 2023";"dezembro 2023";"janeiro 2024";"fevereiro 2024";"março 2024";"abril 2024";"maio 2024";"junho 2024";"julho 2024";"agosto 2024";"setembro 2024";"outubro 2024";"novembro 2024";"dezembro 2024";"janeiro 2025";"fevereiro 2025";"março 2025";"abril 2025";"maio 2025";"junho 2025";"julho 2025";"agosto 2025";"setembro 2025";"outubro 2025";"novembro 2025";"dezembro 2025";"janeiro 2026";"fevereiro 2026"
"Brasil";"397,19";"398,86";"399,82";"401,85";"402,12";"406,88";"407,43";"413,00";"366,26";"429,87";"374,52";"377,73";"379,55";"380,80";"381,11";"386,00";"387,01";"387,44";"387,57";"389,71";"398,67";"402,15";"406,23";"409,49";"409,94";"410,36";"412,50";"415,95";"416,87";"417,62";"418,79";"421,25";"430,18";"434,84";"438,63";"444,23";"445,12";"446,76";"447,34";"447,33";"450,57";"453,29";"459,43";"462,59";"469,92";"479,20";"481,79";"484,33";"483,83";"489,76";"491,08";"496,09";"499,28";"499,27";"503,74";"505,13";"506,45";"510,40";"514,97";"518,06";"518,47";"519,10";"520,57";"521,71";"521,91";"522,21";"521,06";"523,01";"527,49";"530,71";"531,40";"532,10";"533,19";"534,05";"534,66";"534,55";"538,19";"537,36";"538,59";"540,52";"539,41";"540,73";"545,73";"546,42";"549,00";"549,61";"549,90";"553,17";"552,85";"552,52";"555,34";"557,67";"558,46";"559,03";"561,83";"562,32";"563,46";"563,69";"565,08";"566,07";"570,47";"570,60";"573,28";"574,31";"577,65";"592,68";"595,75";"596,22";"598,61";"602,43";"603,54";"604,46";"609,69";"611,10";"621,79";"623,27";"638,78";"653,78";"664,39";"667,18";"669,23";"675,10";"677,49";"678,05";"683,51";"683,80";"686,53";"686,85";"695,39";"704,87";"708,59";"713,10";"715,70";"717,95";"718,56";"720,30";"722,26";"723,19";"723,06";"729,07";"732,46";"742,74";"746,70";"752,78";"753,95";"755,19";"755,25";"755,71";"763,02";"764,08";"766,80";"771,98";"774,55";"786,32";"789,62";"798,90";"804,10";"805,87";"806,56";"813,24";"839,43";"839,92"
"Norte";"374,31";"386,82";"388,53";"388,09";"390,11";"390,55";"392,13";"391,79";"343,07";"397,82";"345,86";"350,74";"363,94";"364,83";"364,87";"365,10";"367,04";"369,11";"369,83";"369,43";"369,72";"371,70";"374,19";"379,53";"379,85";"391,67";"391,95";"390,52";"392,61";"393,01";"393,27";"393,90";"396,80";"399,45";"405,23";"409,05";"414,91";"430,92";"430,95";"433,78";"434,76";"434,69";"434,70";"435,43";"438,04";"440,84";"440,94";"441,06";"443,23";"461,26";"461,05";"462,45";"475,27";"475,21";"476,82";"477,39";"476,67";"480,76";"480,52";"480,82";"485,97";"486,58";"486,50";"486,58";"486,03";"486,03";"486,32";"486,14";"486,55";"486,82";"487,37";"487,88";"492,93";"496,48";"497,31";"497,51";"498,93";"498,84";"499,86";"501,88";"501,52";"503,29";"505,97";"506,95";"510,11";"517,59";"517,61";"517,49";"518,08";"518,28";"519,88";"520,14";"520,14";"520,14";"520,26";"520,27";"526,60";"526,56";"527,42";"527,18";"528,53";"528,55";"530,56";"532,07";"531,23";"536,79";"537,19";"533,71";"541,10";"563,36";"566,59";"568,44";"574,46";"580,70";"581,75";"581,95";"586,14";"587,46";"591,66";"609,22";"606,83";"637,08";"634,28";"633,20";"633,88";"636,07";"636,08";"636,08";"640,59";"645,12";"647,15";"646,26";"657,85";"670,51";"672,82";"673,19";"673,24";"673,36";"673,20";"675,36";"679,25";"686,46";"688,53";"695,19";"696,79";"713,16";"710,78";"710,80";"716,21";"718,15";"726,08";"728,10";"728,11";"731,23";"732,04";"743,01";"744,63";"764,69";"766,51";"767,05";"790,93";"792,08"
"Nordeste";"349,45";"349,29";"350,77";"358,85";"358,53";"360,78";"362,21";"369,75";"325,08";"379,54";"329,79";"329,18";"330,59";"331,51";"332,34";"336,34";"337,95";"338,18";"338,52";"345,52";"348,56";"349,60";"354,67";"354,50";"354,80";"354,80";"361,12";"362,72";"363,67";"365,43";"368,56";"376,22";"376,68";"379,51";"383,51";"383,52";"384,27";"385,98";"386,80";"386,11";"392,64";"398,52";"402,39";"411,99";"412,02";"419,70";"426,29";"427,43";"426,72";"426,87";"430,24";"433,67";"437,97";"438,12";"440,93";"445,41";"450,71";"450,95";"452,71";"454,28";"454,11";"454,11";"455,64";"457,21";"457,78";"459,61";"458,33";"458,34";"458,35";"462,14";"464,26";"464,28";"464,95";"465,18";"465,21";"465,63";"467,88";"467,96";"471,45";"474,68";"474,65";"478,59";"479,90";"482,76";"481,49";"481,06";"480,96";"482,16";"484,35";"484,36";"490,53";"491,52";"494,10";"494,22";"496,59";"498,51";"498,52";"497,64";"499,14";"499,58";"504,51";"506,73";"511,46";"514,04";"513,66";"522,30";"528,37";"530,36";"530,93";"530,49";"529,38";"530,52";"542,34";"544,44";"553,02";"555,20";"561,90";"581,11";"588,82";"589,04";"588,94";"591,04";"590,93";"593,01";"597,23";"597,66";"607,87";"609,05";"613,52";"626,23";"627,85";"627,69";"628,51";"630,17";"630,97";"632,73";"637,12";"638,61";"639,48";"647,54";"653,46";"660,37";"664,65";"663,97";"662,76";"662,89";"663,08";"664,02";"671,14";"671,29";"672,18";"680,79";"688,59";"692,94";"699,74";"702,39";"706,87";"707,05";"707,32";"708,11";"735,57";"736,69"
"Sudeste";"435,44";"436,92";"437,52";"435,87";"436,33";"446,35";"446,00";"454,42";"407,84";"479,76";"416,26";"417,24";"417,54";"417,04";"417,02";"426,38";"426,57";"426,33";"426,10";"426,10";"447,25";"452,41";"453,22";"454,07";"454,64";"452,95";"453,30";"460,98";"461,10";"461,37";"461,32";"461,36";"483,97";"489,55";"489,60";"490,54";"490,72";"490,42";"491,21";"491,21";"493,47";"493,86";"506,34";"506,40";"524,79";"539,05";"539,18";"539,86";"537,43";"546,52";"546,89";"547,23";"548,31";"548,31";"557,41";"557,41";"556,67";"562,02";"566,80";"572,09";"572,08";"572,04";"573,23";"574,90";"574,84";"574,91";"572,58";"576,98";"589,61";"592,65";"589,70";"590,50";"591,70";"590,79";"591,87";"590,96";"598,01";"595,66";"595,10";"597,80";"594,26";"594,16";"600,96";"593,60";"598,79";"599,00";"598,99";"605,81";"603,59";"603,16";"605,83";"610,03";"610,03";"610,63";"616,61";"616,22";"616,22";"617,00";"616,96";"617,94";"625,23";"622,42";"622,48";"622,48";"629,83";"647,98";"648,35";"647,60";"645,24";"649,56";"653,55";"654,54";"655,00";"655,45";"672,26";"673,95";"701,95";"721,59";"727,99";"727,89";"731,93";"732,69";"733,34";"733,59";"743,30";"743,30";"743,94";"743,35";"759,11";"766,49";"774,34";"775,69";"779,29";"780,71";"780,71";"781,76";"781,76";"781,40";"781,77";"791,79";"791,00";"805,93";"812,33";"813,81";"816,52";"816,21";"816,10";"817,62";"831,71";"831,85";"832,94";"838,44";"838,46";"858,67";"861,19";"865,42";"866,55";"866,22";"866,31";"884,13";"913,09";"914,20"
"Sul";"432,33";"432,79";"432,30";"433,73";"433,82";"435,57";"436,02";"436,28";"388,11";"458,42";"400,35";"417,59";"418,32";"418,86";"419,31";"419,90";"421,15";"423,23";"423,54";"423,50";"423,24";"428,12";"439,21";"448,75";"449,75";"449,76";"449,90";"451,06";"452,70";"453,46";"454,89";"454,74";"454,60";"462,63";"471,52";"495,02";"495,49";"493,82";"494,03";"493,64";"493,23";"498,50";"498,57";"498,98";"497,49";"507,31";"509,35";"509,06";"508,98";"515,65";"516,84";"542,48";"543,50";"543,15";"543,15";"543,17";"543,24";"551,19";"565,59";"567,96";"567,96";"567,96";"567,86";"567,86";"568,63";"566,24";"566,95";"569,33";"568,82";"573,80";"583,16";"583,49";"583,32";"584,22";"585,23";"586,38";"586,35";"586,64";"589,02";"589,02";"589,04";"589,29";"602,95";"617,48";"617,54";"617,53";"618,98";"618,98";"618,89";"617,37";"612,73";"618,00";"618,17";"618,24";"618,57";"618,57";"618,57";"620,05";"623,19";"626,26";"625,58";"629,26";"629,55";"629,91";"630,91";"665,80";"673,15";"676,93";"687,31";"689,56";"684,36";"684,36";"688,52";"688,62";"690,12";"693,60";"693,09";"698,47";"741,55";"749,71";"759,61";"761,99";"772,05";"771,69";"772,05";"771,37";"765,28";"765,28";"765,68";"774,68";"775,11";"803,87";"803,83";"803,87";"804,81";"801,24";"808,52";"812,72";"808,20";"801,35";"808,15";"811,82";"809,68";"850,62";"851,45";"852,81";"857,27";"852,71";"846,03";"852,32";"859,13";"860,04";"860,04";"863,09";"863,44";"905,64";"911,58";"911,57";"914,82";"914,73";"931,80";"928,24"
"Centro-Oeste";"376,89";"376,88";"378,57";"378,57";"378,57";"378,71";"379,05";"379,18";"328,64";"388,60";"348,05";"352,41";"352,41";"363,40";"363,40";"363,40";"364,53";"364,53";"364,53";"364,53";"364,57";"368,95";"375,17";"388,99";"389,01";"388,99";"388,99";"389,00";"391,25";"390,77";"390,77";"390,77";"390,57";"395,27";"404,60";"425,47";"425,47";"425,47";"425,47";"425,52";"428,85";"429,49";"431,70";"431,70";"435,13";"435,13";"437,33";"458,18";"463,06";"463,06";"463,06";"467,93";"469,71";"469,71";"469,71";"468,95";"468,95";"474,09";"478,57";"481,48";"481,63";"487,96";"493,94";"493,94";"493,94";"493,94";"494,10";"494,10";"491,15";"493,68";"492,73";"496,02";"496,00";"503,53";"503,42";"502,76";"504,38";"504,41";"503,92";"500,90";"503,84";"503,09";"503,74";"510,84";"518,63";"518,63";"520,11";"523,64";"521,38";"521,38";"524,81";"522,13";"521,66";"524,81";"522,09";"522,42";"528,62";"528,88";"533,78";"535,07";"535,75";"536,08";"546,32";"546,74";"553,47";"559,63";"560,37";"559,93";"572,18";"572,82";"576,19";"576,50";"579,59";"579,82";"594,26";"591,11";"617,80";"625,76";"625,71";"627,56";"622,47";"643,17";"655,52";"655,08";"658,86";"659,41";"659,94";"661,76";"669,52";"681,93";"682,07";"687,51";"687,13";"687,80";"688,20";"701,01";"697,41";"698,07";"698,54";"702,40";"709,09";"723,67";"726,69";"726,69";"729,65";"726,30";"723,11";"724,83";"725,91";"725,91";"730,91";"732,03";"733,23";"755,59";"756,74";"762,80";"789,26";"789,91";"789,91";"786,16";"811,32";"812,06"
"Fonte: IBGE - Sistema Nacional de Pesquisa de Custos e Índices da Construção Civil"

"Tabela 2296 - Custo médio m² em moeda corrente e variações percentuais no mês, no ano e em doze meses"
"Variável - Custo médio m² - variação percentual no mês (%)"
"Brasil e Grande Região";"Mês"
"Brasil e Grande Região";"setembro 2012";"outubro 2012";"novembro 2012";"dezembro 2012";"janeiro 2013";"fevereiro 2013";"março 2013";"abril 2013";"maio 2013";"junho 2013";"julho 2013";"agosto 2013";"setembro 2013";"outubro 2013";"novembro 2013";"dezembro 2013";"janeiro 2014";"fevereiro 2014";"março 2014";"abril 2014";"maio 2014";"junho 2014";"julho 2014";"agosto 2014";"setembro 2014";"outubro 2014";"novembro 2014";"dezembro 2014";"janeiro 2015";"fevereiro 2015";"março 2015";"abril 2015";"maio 2015";"junho 2015";"julho 2015";"agosto 2015";"setembro 2015";"outubro 2015";"novembro 2015";"dezembro 2015";"janeiro 2016";"fevereiro 2016";"março 2016";"abril 2016";"maio 2016";"junho 2016";"julho 2016";"agosto 2016";"setembro 2016";"outubro 2016";"novembro 2016";"dezembro 2016";"janeiro 2017";"fevereiro 2017";"março 2017";"abril 2017";"maio 2017";"junho 2017";"julho 2017";"agosto 2017";"setembro 2017";"outubro 2017";"novembro 2017";"dezembro 2017";"janeiro 2018";"fevereiro 2018";"março 2018";"abril 2018";"maio 2018";"junho 2018";"julho 2018";"agosto 2018";"setembro 2018";"outubro 2018";"novembro 2018";"dezembro 2018";"janeiro 2019";"fevereiro 2019";"março 2019";"abril 2019";"maio 2019";"junho 2019";"julho 2019";"agosto 2019";"setembro 2019";"outubro 2019";"novembro 2019";"dezembro 2019";"janeiro 2020";"fevereiro 2020";"março 2020";"abril 2020";"maio 2020";"junho 2020";"julho 2020";"agosto 2020";"setembro 2020";"outubro 2020";"novembro 2020";"dezembro 2020";"janeiro 2021";"fevereiro 2021";"março 2021";"abril 2021";"maio 2021";"junho 2021";"julho 2021";"agosto 2021";"setembro 2021";"outubro 2021";"novembro 2021";"dezembro 2021";"janeiro 2022";"fevereiro 2022";"março 2022";"abril 2022";"maio 2022";"junho 2022";"julho 2022";"agosto 2022";"setembro 2022";"outubro 2022";"novembro 2022";"dezembro 2022";"janeiro 2023";"fevereiro 2023";"março 2023";"abril 2023";"maio 2023";"junho 2023";"julho 2023";"agosto 2023";"setembro 2023";"outubro 2023";"novembro 2023";"dezembro 2023";"janeiro 2024";"fevereiro 2024";"março 2024";"abril 2024";"maio 2024";"junho 2024";"julho 2024";"agosto 2024";"setembro 2024";"outubro 2024";"novembro 2024";"dezembro 2024";"janeiro 2025";"fevereiro 2025";"março 2025";"abril 2025";"maio 2025";"junho 2025";"julho 2025";"agosto 2025";"setembro 2025";"outubro 2025";"novembro 2025";"dezembro 2025";"janeiro 2026";"fevereiro 2026"
"Brasil";"0,25";"0,34";"0,22";"0,43";"0,18";"0,73";"0,18";"0,69";"-5,12";"7,80";"-6,15";"0,58";"0,54";"0,44";"0,42";"0,88";"0,45";"0,44";"0,62";"0,46";"1,06";"0,59";"0,58";"0,52";"0,16";"0,30";"0,20";"0,65";"0,21";"0,18";"0,23";"0,50";"1,26";"0,73";"0,69";"0,70";"0,26";"0,27";"0,28";"0,06";"0,55";"0,84";"0,82";"0,46";"0,83";"1,02";"0,20";"0,24";"0,26";"0,64";"0,10";"0,49";"0,38";"0,19";"0,46";"0,15";"0,30";"0,38";"0,58";"0,23";"0,27";"0,16";"0,48";"0,18";"0,27";"0,30";"0,14";"0,26";"0,55";"0,58";"0,52";"0,36";"0,45";"0,43";"0,24";"0,22";"0,42";"0,21";"0,52";"0,34";"0,11";"0,35";"0,68";"0,44";"0,37";"0,19";"0,11";"0,22";"0,30";"0,25";"0,35";"0,25";"0,17";"0,14";"0,49";"0,88";"1,44";"1,71";"1,82";"1,94";"1,99";"1,33";"1,45";"1,87";"1,78";"2,46";"1,89";"0,99";"0,88";"1,01";"1,07";"0,52";"0,72";"0,56";"0,99";"1,21";"2,17";"1,65";"1,48";"0,58";"0,44";"0,38";"0,15";"0,08";"0,31";"0,08";"0,20";"0,27";"0,36";"0,39";"0,23";"0,18";"0,02";"0,14";"0,08";"0,26";"0,19";"0,15";"0,07";"0,41";"0,17";"0,56";"0,40";"0,63";"0,35";"0,53";"0,24";"0,21";"0,51";"0,23";"0,35";"0,46";"0,43";"0,88";"0,31";"0,79";"0,50";"0,27";"0,25";"0,51";"1,54";"0,23"
"Norte";"0,05";"1,91";"0,15";"0,29";"0,49";"0,23";"0,22";"0,14";"-5,60";"6,45";"-5,98";"0,87";"1,89";"0,92";"0,26";"0,47";"0,71";"0,85";"0,54";"0,03";"0,23";"0,36";"0,47";"0,78";"0,06";"1,55";"0,07";"0,10";"0,72";"0,18";"0,23";"0,14";"0,33";"0,63";"0,74";"0,94";"0,56";"2,42";"0,35";"0,43";"0,54";"0,57";"0,30";"0,14";"0,29";"0,33";"0,06";"0,03";"0,33";"1,63";"-0,12";"0,21";"1,01";"0,13";"0,15";"0,01";"-0,12";"0,36";"-0,18";"-0,03";"0,66";"0,27";"0,34";"-0,05";"0,12";"0,17";"-0,02";"0,07";"0,28";"0,25";"0,42";"0,38";"0,79";"1,83";"0,51";"0,39";"0,12";"0,09";"0,42";"0,53";"0,23";"0,54";"0,20";"0,14";"0,82";"0,97";"-0,08";"0,17";"0,54";"0,03";"0,30";"0,00";"0,16";"0,31";"0,31";"0,89";"1,81";"1,86";"1,90";"1,75";"1,27";"0,90";"1,06";"1,49";"1,16";"1,14";"1,29";"0,90";"1,76";"2,57";"1,29";"0,81";"1,24";"0,74";"0,96";"1,28";"1,22";"1,15";"0,85";"1,43";"0,52";"1,46";"0,50";"0,67";"0,71";"0,93";"0,04";"0,07";"0,25";"0,44";"0,08";"0,04";"0,49";"0,78";"0,18";"0,31";"0,60";"0,14";"0,13";"0,18";"0,34";"0,39";"0,24";"0,41";"0,27";"1,58";"0,16";"0,28";"0,48";"0,25";"0,42";"0,25";"0,25";"0,46";"0,24";"0,73";"0,26";"0,95";"0,17";"0,07";"1,33";"0,52"
"Nordeste";"0,42";"0,24";"0,19";"1,00";"0,12";"0,26";"0,22";"1,05";"-5,20";"6,73";"-5,84";"0,33";"0,54";"0,54";"0,80";"1,08";"0,53";"0,36";"0,58";"1,04";"0,36";"0,23";"0,52";"0,11";"0,20";"0,20";"0,76";"0,58";"0,09";"0,31";"0,36";"1,05";"0,16";"0,51";"0,65";"0,09";"0,64";"0,22";"0,40";"-0,06";"1,08";"1,29";"0,14";"1,30";"0,28";"0,82";"0,48";"0,10";"-0,07";"0,16";"0,53";"0,31";"0,61";"0,19";"0,42";"0,47";"0,78";"0,01";"0,12";"0,56";"0,39";"0,09";"0,51";"0,32";"0,27";"0,44";"0,32";"0,16";"0,51";"0,60";"0,48";"0,16";"0,54";"0,41";"0,35";"0,25";"0,19";"0,12";"0,49";"0,46";"0,23";"0,54";"0,16";"0,37";"0,03";"-0,01";"0,10";"0,20";"0,46";"0,36";"0,69";"0,24";"0,27";"0,19";"0,50";"1,17";"1,62";"2,07";"1,93";"2,37";"2,32";"1,40";"1,53";"2,23";"1,90";"1,92";"1,56";"1,03";"0,55";"0,67";"0,98";"0,66";"1,05";"0,56";"0,82";"1,09";"1,40";"2,29";"1,50";"0,22";"0,42";"0,25";"0,05";"-0,04";"0,03";"0,06";"0,51";"0,52";"0,21";"0,66";"0,08";"-0,05";"-0,09";"0,18";"0,14";"0,21";"0,49";"0,17";"0,11";"0,44";"0,30";"0,25";"0,60";"0,38";"0,49";"0,40";"0,22";"0,16";"0,61";"0,13";"0,35";"0,74";"0,77";"0,45";"0,69";"0,36";"0,66";"0,27";"0,16";"0,27";"1,85";"0,22"
"Sudeste";"0,12";"0,19";"0,35";"0,13";"0,18";"1,43";"0,04";"0,83";"-4,87";"8,66";"-6,81";"0,23";"0,31";"0,09";"0,42";"1,20";"0,44";"0,51";"0,78";"0,18";"2,26";"0,75";"0,23";"0,16";"0,14";"0,21";"-0,18";"0,96";"0,20";"0,07";"0,01";"0,33";"2,78";"0,79";"0,43";"0,17";"-0,04";"-0,02";"0,14";"0,01";"0,28";"0,62";"1,62";"0,00";"1,67";"1,54";"0,06";"-0,09";"0,46";"0,81";"-0,15";"0,18";"0,22";"0,23";"0,70";"0,02";"0,18";"0,45";"0,92";"0,05";"0,10";"0,01";"0,47";"0,16";"0,46";"0,22";"0,10";"0,31";"0,86";"0,63";"0,43";"0,53";"0,38";"0,06";"0,07";"0,07";"0,83";"0,28";"0,57";"0,25";"0,03";"0,18";"1,13";"0,01";"0,55";"0,09";"0,08";"0,31";"0,17";"0,25";"0,23";"0,39";"0,11";"0,14";"0,70";"0,72";"1,33";"1,52";"1,59";"1,69";"2,06";"1,30";"1,54";"1,95";"2,07";"2,83";"2,25";"0,68";"0,58";"1,06";"1,01";"0,32";"0,48";"0,53";"1,14";"1,13";"3,19";"1,77";"1,05";"0,49";"0,27";"-0,03";"-0,01";"-0,09";"0,54";"-0,13";"-0,01";"0,12";"0,59";"-0,04";"0,46";"-0,06";"-0,03";"0,03";"0,06";"0,14";"-0,04";"0,11";"0,13";"0,65";"0,06";"0,77";"0,45";"0,58";"0,34";"0,50";"0,30";"0,21";"0,55";"0,31";"0,34";"0,37";"0,32";"1,28";"0,11";"0,65";"0,23";"0,15";"0,34";"0,97";"1,39";"0,22"
"Sul";"0,38";"0,05";"0,07";"0,33";"0,16";"0,43";"0,68";"0,01";"-5,12";"8,75";"-6,32";"2,02";"0,50";"0,17";"-0,06";"0,22";"0,35";"0,22";"0,50";"0,43";"0,12";"0,92";"1,41";"0,81";"0,26";"0,28";"0,27";"0,42";"0,21";"0,12";"0,72";"0,40";"0,48";"1,17";"1,24";"2,50";"0,26";"-0,09";"0,38";"0,18";"0,19";"0,96";"0,68";"0,23";"0,11";"1,01";"0,19";"0,07";"0,18";"0,84";"0,05";"2,09";"0,13";"0,22";"0,23";"0,05";"0,10";"0,70";"1,33";"0,10";"0,19";"0,10";"0,20";"0,13";"0,13";"0,35";"-0,01";"0,40";"0,21";"0,88";"0,92";"0,30";"0,30";"0,26";"0,37";"0,50";"0,18";"0,26";"0,82";"0,33";"0,16";"0,41";"1,22";"1,51";"0,21";"0,25";"0,14";"0,02";"0,05";"0,16";"0,10";"0,15";"0,22";"-0,05";"0,17";"0,76";"1,06";"1,77";"2,23";"2,27";"1,84";"1,60";"0,96";"1,97";"1,14";"3,80";"1,90";"1,71";"1,15";"0,45";"0,88";"0,53";"0,32";"0,53";"0,40";"1,43";"0,70";"0,75";"3,33";"0,72";"0,95";"0,27";"0,33";"0,32";"0,00";"0,16";"0,43";"0,47";"0,28";"0,98";"0,18";"1,46";"0,05";"0,11";"0,13";"0,25";"0,07";"0,10";"-0,01";"0,08";"-0,03";"0,52";"0,09";"1,82";"0,12";"0,42";"0,26";"0,28";"0,38";"0,24";"0,43";"0,42";"0,33";"0,67";"0,19";"2,19";"0,11";"0,20";"0,34";"0,09";"1,35";"0,15"
"Centro-Oeste";"0,27";"0,18";"0,08";"0,22";"0,15";"0,18";"-0,06";"0,38";"-5,50";"7,48";"-4,23";"0,55";"0,28";"1,54";"0,06";"0,21";"0,17";"0,31";"0,32";"0,24";"0,33";"0,83";"1,23";"2,63";"0,08";"-0,17";"0,09";"0,38";"0,10";"0,33";"0,08";"0,01";"0,26";"0,64";"1,08";"2,18";"0,11";"0,05";"0,26";"0,05";"0,59";"0,47";"0,26";"0,47";"0,56";"0,09";"0,03";"2,51";"0,48";"0,16";"0,13";"0,46";"0,12";"0,04";"0,25";"0,02";"0,05";"0,82";"0,23";"0,41";"0,34";"0,96";"0,94";"0,11";"-0,13";"0,31";"0,17";"0,31";"0,13";"0,27";"0,53";"0,31";"0,39";"1,01";"0,21";"0,23";"0,08";"0,28";"0,10";"0,20";"-0,13";"0,24";"0,17";"1,23";"0,45";"0,37";"0,45";"0,19";"0,45";"0,23";"0,15";"0,03";"0,03";"0,06";"0,24";"0,87";"1,52";"1,17";"1,79";"1,35";"1,58";"1,29";"1,93";"0,61";"1,69";"1,96";"1,98";"1,23";"2,03";"1,22";"1,60";"0,61";"0,79";"0,52";"1,69";"1,51";"3,24";"0,91";"1,24";"1,08";"0,42";"1,59";"0,54";"0,21";"0,25";"0,07";"-0,02";"0,03";"0,13";"0,49";"-0,09";"0,23";"0,09";"-0,06";"-0,17";"0,90";"0,01";"0,36";"-0,27";"0,04";"0,32";"0,88";"0,20";"0,14";"0,31";"0,17";"0,10";"0,25";"0,30";"0,16";"0,24";"0,26";"0,18";"1,32";"0,20";"0,81";"1,90";"0,21";"0,14";"0,39";"1,67";"0,10"
"Fonte: IBGE - Sistema Nacional de Pesquisa de Custos e Índices da Construção Civil"

"Tabela 2296 - Custo médio m² em moeda corrente e variações percentuais no mês, no ano e em doze meses"
"Variável - Custo médio m² - variação percentual em doze meses (%)"
"Brasil e Grande Região";"Mês"
"Brasil e Grande Região";"setembro 2012";"outubro 2012";"novembro 2012";"dezembro 2012";"janeiro 2013";"fevereiro 2013";"março 2013";"abril 2013";"maio 2013";"junho 2013";"julho 2013";"agosto 2013";"setembro 2013";"outubro 2013";"novembro 2013";"dezembro 2013";"janeiro 2014";"fevereiro 2014";"março 2014";"abril 2014";"maio 2014";"junho 2014";"julho 2014";"agosto 2014";"setembro 2014";"outubro 2014";"novembro 2014";"dezembro 2014";"janeiro 2015";"fevereiro 2015";"março 2015";"abril 2015";"maio 2015";"junho 2015";"julho 2015";"agosto 2015";"setembro 2015";"outubro 2015";"novembro 2015";"dezembro 2015";"janeiro 2016";"fevereiro 2016";"março 2016";"abril 2016";"maio 2016";"junho 2016";"julho 2016";"agosto 2016";"setembro 2016";"outubro 2016";"novembro 2016";"dezembro 2016";"janeiro 2017";"fevereiro 2017";"março 2017";"abril 2017";"maio 2017";"junho 2017";"julho 2017";"agosto 2017";"setembro 2017";"outubro 2017";"novembro 2017";"dezembro 2017";"janeiro 2018";"fevereiro 2018";"março 2018";"abril 2018";"maio 2018";"junho 2018";"julho 2018";"agosto 2018";"setembro 2018";"outubro 2018";"novembro 2018";"dezembro 2018";"janeiro 2019";"fevereiro 2019";"março 2019";"abril 2019";"maio 2019";"junho 2019";"julho 2019";"agosto 2019";"setembro 2019";"outubro 2019";"novembro 2019";"dezembro 2019";"janeiro 2020";"fevereiro 2020";"março 2020";"abril 2020";"maio 2020";"junho 2020";"julho 2020";"agosto 2020";"setembro 2020";"outubro 2020";"novembro 2020";"dezembro 2020";"janeiro 2021";"fevereiro 2021";"março 2021";"abril 2021";"maio 2021";"junho 2021";"julho 2021";"agosto 2021";"setembro 2021";"outubro 2021";"novembro 2021";"dezembro 2021";"janeiro 2022";"fevereiro 2022";"março 2022";"abril 2022";"maio 2022";"junho 2022";"julho 2022";"agosto 2022";"setembro 2022";"outubro 2022";"novembro 2022";"dezembro 2022";"janeiro 2023";"fevereiro 2023";"março 2023";"abril 2023";"maio 2023";"junho 2023";"julho 2023";"agosto 2023";"setembro 2023";"outubro 2023";"novembro 2023";"dezembro 2023";"janeiro 2024";"fevereiro 2024";"março 2024";"abril 2024";"maio 2024";"junho 2024";"julho 2024";"agosto 2024";"setembro 2024";"outubro 2024";"novembro 2024";"dezembro 2024";"janeiro 2025";"fevereiro 2025";"março 2025";"abril 2025";"maio 2025";"junho 2025";"julho 2025";"agosto 2025";"setembro 2025";"outubro 2025";"novembro 2025";"dezembro 2025";"janeiro 2026";"fevereiro 2026"
"Brasil";"5,55";"5,51";"5,36";"5,68";"5,25";"5,69";"5,55";"5,60";"-0,47";"6,54";"-0,30";"-0,51";"-0,22";"-0,12";"0,08";"0,52";"0,79";"0,51";"0,94";"0,71";"7,28";"0,11";"7,29";"7,22";"6,82";"6,66";"6,54";"6,20";"5,94";"5,67";"5,26";"5,30";"5,51";"5,66";"5,77";"5,96";"6,07";"6,03";"6,12";"5,50";"5,86";"6,55";"7,18";"7,14";"6,68";"6,99";"6,47";"5,98";"5,98";"6,37";"6,18";"6,64";"6,46";"5,77";"5,39";"5,07";"4,52";"3,86";"4,25";"4,24";"4,25";"3,75";"4,15";"3,82";"3,71";"3,82";"3,49";"3,61";"3,87";"4,07";"4,01";"4,15";"4,33";"4,61";"4,36";"4,41";"4,56";"4,47";"4,86";"4,95";"4,49";"4,25";"4,42";"4,50";"4,42";"4,17";"4,03";"4,03";"3,91";"3,95";"3,77";"3,68";"3,74";"3,52";"3,33";"3,78";"4,89";"6,48";"8,30";"10,16";"12,01";"13,22";"14,46";"16,31";"18,18";"20,92";"22,60";"22,74";"22,06";"21,22";"20,33";"18,65";"17,17";"16,28";"15,75";"15,00";"15,44";"14,53";"14,07";"13,61";"13,11";"12,41";"11,38";"10,90";"10,45";"9,92";"9,06";"8,05";"6,13";"4,82";"3,52";"3,11";"2,68";"2,44";"2,36";"2,55";"2,43";"2,50";"2,36";"2,51";"2,31";"2,49";"2,66";"3,12";"3,46";"3,86";"4,03";"3,98";"4,31";"4,39";"4,69";"4,74";"5,01";"5,34";"5,25";"5,42";"5,58";"5,30";"5,31";"5,63";"6,71";"6,71"
"Norte";"6,29";"6,25";"6,30";"6,53";"6,13";"5,92";"5,73";"5,78";"-0,37";"5,76";"-0,68";"-1,34";"0,47";"-0,51";"-0,40";"-0,23";"-0,01";"0,62";"0,94";"0,82";"7,04";"0,92";"7,84";"7,74";"5,81";"6,48";"6,27";"5,89";"5,90";"5,20";"4,88";"4,99";"5,10";"5,38";"5,66";"5,83";"6,36";"7,27";"7,57";"7,92";"7,73";"8,15";"8,23";"8,23";"8,18";"7,86";"7,13";"6,17";"5,92";"5,11";"4,61";"4,38";"4,87";"4,41";"4,26";"4,12";"3,70";"3,73";"3,48";"3,42";"3,76";"2,37";"2,84";"2,57";"1,67";"1,71";"1,54";"1,60";"2,01";"1,89";"2,51";"2,93";"3,06";"4,66";"4,84";"5,30";"5,30";"5,22";"5,68";"6,17";"6,11";"6,42";"6,19";"5,93";"5,96";"5,07";"4,45";"4,22";"4,66";"4,60";"4,47";"3,92";"3,85";"3,61";"3,73";"4,50";"5,53";"6,46";"8,57";"10,28";"11,08";"12,05";"12,90";"14,58";"15,72";"16,68";"17,82";"17,83";"17,78";"18,60";"17,89";"16,80";"16,76";"16,58";"16,46";"16,22";"16,29";"16,30";"15,80";"16,40";"14,99";"13,74";"12,85";"12,70";"12,11";"12,32";"11,30";"9,97";"8,91";"8,15";"7,32";"5,85";"5,82";"5,11";"4,78";"4,40";"4,29";"3,47";"3,56";"3,68";"3,77";"3,72";"3,88";"4,27";"4,04";"4,87";"4,85";"4,81";"4,69";"4,80";"5,11";"5,18";"5,09";"5,16";"5,16";"5,50";"5,48";"4,83";"4,84";"4,62";"5,51";"5,79"
"Nordeste";"4,87";"4,84";"4,05";"4,95";"4,87";"4,71";"4,54";"4,81";"-0,71";"5,27";"-1,03";"-1,02";"-0,90";"-0,60";"0,00";"0,08";"0,50";"0,60";"0,95";"0,94";"6,86";"0,35";"7,12";"6,89";"6,54";"6,18";"6,34";"5,61";"5,14";"5,09";"4,86";"4,87";"4,66";"4,95";"5,09";"5,07";"5,53";"5,55";"5,17";"4,51";"5,54";"6,57";"6,34";"6,60";"6,73";"7,06";"6,88";"6,89";"6,13";"6,07";"6,21";"6,60";"6,10";"4,95";"5,24";"4,38";"4,90";"4,06";"3,69";"4,16";"4,64";"4,57";"4,55";"4,56";"4,21";"4,47";"4,36";"4,04";"3,76";"4,37";"4,75";"4,33";"4,49";"4,82";"4,66";"4,58";"4,50";"4,17";"4,34";"4,66";"4,36";"4,30";"3,97";"4,19";"3,66";"3,22";"2,97";"2,92";"3,19";"3,44";"3,65";"3,42";"3,46";"3,10";"3,45";"4,28";"5,93";"8,14";"10,11";"12,50";"14,58";"15,77";"16,73";"19,05";"20,99";"23,08";"24,37";"24,20";"22,89";"21,21";"20,08";"18,07";"16,61";"15,64";"14,83";"13,55";"13,00";"13,41";"13,34";"12,43";"12,28";"11,82";"10,79";"10,02";"8,91";"8,36";"8,03";"7,42";"6,16";"4,47";"3,01";"2,73";"2,21";"2,14";"2,23";"2,48";"2,96";"3,07";"2,66";"2,58";"2,67";"2,25";"2,78";"3,22";"3,82";"4,05";"4,14";"4,08";"4,21";"4,17";"4,42";"4,73";"5,22";"5,43";"5,52";"5,50";"5,68";"5,54";"5,48";"5,60";"6,90";"6,99"
"Sudeste";"4,70";"4,79";"5,15";"5,18";"4,19";"5,48";"5,36";"5,27";"-1,26";"7,00";"-0,42";"-0,27";"-0,07";"-0,17";"-0,10";"0,97";"1,24";"0,32";"1,06";"0,41";"7,94";"0,09";"7,65";"7,57";"7,37";"7,50";"6,97";"6,61";"6,36";"5,89";"5,08";"5,24";"5,77";"5,82";"6,03";"6,04";"5,85";"5,60";"5,94";"4,95";"5,03";"5,61";"7,31";"6,95";"5,80";"6,59";"6,19";"5,92";"6,45";"7,33";"7,02";"7,20";"7,14";"6,72";"5,76";"5,78";"4,23";"3,11";"3,99";"4,14";"3,77";"2,94";"3,58";"3,56";"3,81";"3,80";"3,18";"3,48";"4,18";"4,37";"3,86";"4,36";"4,65";"4,71";"4,29";"4,20";"4,58";"4,64";"5,13";"5,07";"4,21";"3,74";"4,46";"3,92";"4,10";"4,13";"4,14";"4,39";"3,71";"3,67";"3,32";"3,47";"3,55";"3,51";"3,07";"3,80";"4,61";"6,10";"7,70";"9,18";"11,24";"12,41";"13,88";"15,65";"17,91";"21,08";"22,94";"22,89";"21,98";"21,43";"20,74";"19,11";"17,27";"16,38";"15,92";"14,99";"16,25";"15,05";"13,70";"13,48";"13,14";"11,91";"10,78";"10,33";"10,40";"9,67";"8,43";"7,34";"4,64";"2,78";"2,18";"1,62";"1,31";"1,37";"1,45";"1,68";"1,09";"1,34";"1,48";"2,01";"1,48";"2,30";"2,29";"2,94";"3,33";"3,81";"4,06";"4,13";"4,75";"4,96";"5,18";"4,88";"5,16";"5,69";"5,33";"5,40";"5,29";"4,92";"4,96";"5,76";"6,64";"6,55"
"Sul";"8,02";"7,79";"7,79";"7,96";"8,08";"8,17";"8,14";"7,86";"1,89";"8,84";"0,62";"0,71";"0,83";"0,95";"0,82";"0,71";"0,90";"0,69";"0,51";"0,92";"6,48";"-1,19";"6,97";"5,70";"5,44";"5,56";"5,94";"6,15";"6,00";"5,90";"6,13";"6,10";"6,48";"6,74";"6,56";"8,35";"8,35";"7,95";"8,07";"7,81";"7,79";"8,69";"8,65";"8,46";"8,06";"7,89";"6,78";"4,24";"4,16";"5,13";"4,78";"6,78";"6,72";"5,94";"5,46";"5,27";"5,26";"4,94";"6,13";"6,17";"6,18";"5,40";"5,55";"3,53";"3,53";"3,66";"3,41";"3,78";"3,89";"4,08";"3,65";"3,86";"3,98";"4,14";"4,32";"4,70";"4,76";"4,66";"5,53";"5,46";"5,41";"4,91";"5,23";"6,50";"6,40";"6,39";"6,15";"5,64";"5,50";"5,40";"4,64";"4,46";"4,52";"4,04";"2,96";"2,20";"3,07";"4,63";"6,81";"9,22";"11,17";"12,77";"13,74";"15,80";"16,87";"21,37";"23,46";"24,63";"24,74";"23,12";"21,50";"19,43";"17,65";"16,41";"15,76";"15,15";"14,65";"11,28";"12,84";"11,74";"11,52";"11,32";"10,71";"10,48";"10,13";"9,73";"9,76";"8,72";"8,27";"8,51";"5,20";"5,98";"5,03";"4,87";"4,66";"4,58";"4,66";"4,59";"4,14";"3,73";"3,41";"2,94";"2,85";"3,21";"3,28";"3,60";"3,74";"3,77";"4,09";"4,24";"4,70";"5,05";"5,43";"5,59";"5,69";"6,08";"6,07";"5,83";"5,92";"5,72";"6,74";"6,64"
"Centro-Oeste";"7,25";"6,89";"6,19";"6,26";"6,36";"6,22";"5,98";"6,31";"0,38";"6,30";"1,67";"-0,82";"-0,81";"0,54";"0,51";"0,49";"0,51";"0,64";"1,03";"0,89";"7,11";"0,48";"6,22";"8,42";"8,21";"6,39";"6,42";"6,60";"6,53";"6,55";"6,29";"6,05";"5,97";"5,78";"5,62";"5,16";"5,19";"5,42";"5,60";"5,25";"5,77";"5,91";"6,10";"6,59";"6,91";"6,33";"5,22";"5,56";"5,95";"6,07";"5,93";"6,37";"5,87";"5,42";"5,40";"4,93";"4,40";"5,16";"5,37";"3,21";"3,07";"3,89";"4,73";"4,37";"4,11";"4,39";"4,31";"4,61";"4,69";"4,12";"4,43";"4,33";"4,38";"4,43";"3,68";"3,80";"4,02";"3,99";"3,92";"3,80";"3,53";"3,50";"3,13";"4,08";"4,14";"3,48";"3,73";"3,68";"4,07";"4,02";"4,07";"3,89";"4,06";"3,87";"3,94";"3,57";"4,68";"5,51";"6,92";"8,16";"9,37";"10,53";"12,49";"13,15";"15,02";"17,21";"19,24";"19,67";"20,27";"20,33";"20,11";"19,23";"18,30";"17,40";"17,13";"18,17";"19,97";"18,74";"17,88";"17,70";"15,85";"16,27";"15,06";"14,60";"13,98";"13,47";"11,57";"9,94";"6,63";"6,18";"4,79";"3,91";"3,57";"1,88";"1,16";"1,86";"1,62";"1,91";"1,66";"1,67";"1,86";"2,26";"2,55";"2,46";"2,69";"2,92";"3,20";"2,53";"2,83";"2,63";"3,15";"3,38";"3,23";"3,68";"3,68";"4,38";"6,03";"6,08";"6,12";"6,27";"7,72";"7,65"
"Fonte: IBGE - Sistema Nacional de Pesquisa de Custos e Índices da Construção Civil"

"Notas"
"1 - A variável Custo médio m² - número índice utiliza como base junho/94 = 100;"
"2 - Série de custos (moedas):
Devido aos vários planos econômicos que resultaram em mudança da moeda, as séries de custos do SINAPI estão expressas da seguinte forma: 
março de 1986 à dezembro de 1988: Cz$ (cruzado); 
janeiro de 1989 à março de 1990: NCz$ (cruzado novo); 
abril de 1990 à julho de 1993: CR$ (cruzeiro); 
agosto de 1993 à junho de 1994: CR$ (cruzeiro real); 
julho de 1994 em diante: R$ (real)."
"3 - A partir de janeiro de 2011, o custo nacional do SINAPI e os custos relativos às Regiões são calculados com uma nova estrutura de ponderação (número de domicílios com banheiro da PNAD 2009 em relação à PNAD 2004).
Por isso, não devem ser comparados com os resultados anteriores que foram obtidos com outra estrutura de ponderação (crescimento populacional resultante do Censo Demográfico)."
"4 - Os resultados de maio de 2013 refletem a desoneração da folha de pagamento de empresas do setor da construção civil, em vigor desde primeiro de abril deste ano. A desoneração foi regulamentada através da medida provisória nº 601, de 28 de dezembro de 2012, tratando do cálculo dos encargos sociais, que retirou os 20% relativos à contribuição previdenciária incidente na folha de pagamento.
Os resultados do mês junho de 2013 refletem o retorno da contribuição previdenciária sobre a folha de pagamento de empresas do setor da construção civil, que havia vigorado nos meses de abril e maio. A desoneração, vigente a partir de primeiro de abril, teve seus efeitos interrompidos em 03 de junho em função da perda de validade da medida provisória que a criou, a MP 601/12, de 28 de dezembro de 2012. Entre outros aspectos, a medida tratou de retirar os 20% da contribuição previdenciária incidente sobre o setor, o que se refletiu integralmente no mês de maio.
Os resultados a partir de julho de 2013 refletem a lei 12.844, sancionada em 19 de julho de 2013, que estabelece, entre outras disposições, a desoneração da folha de pagamento retirando do cálculo dos encargos sociais, os 20% relativos à contribuição previdenciária incidente na folha de pagamento. Continuam sendo parte da divulgação, no site do IBGE, os índices e custos que não levam em consideração desoneração da folha de pagamento."
"5 - Para obter outros dados sobre o SINAPI consulte a Caixa Econômica Federal no endereço http://www1.caixa.gov.br/gov/gov_social/municipal/programa_des_urbano/SINAPI/index.asp"
""
"Legenda"
"Símbolo";"Significado"
"-";"Zero absoluto, não resultante de um cálculo ou arredondamento.
Ex: Em determinado município não existem pessoas de 14 anos de idade sem instrução."
"0";"Zero resultante de um cálculo ou arredondamento.
Ex: A inflação do feijão em determinada Região Metropolitana foi 0.
Determinado município produziu 400 kg de sementes de girassol e os dados da tabela são expressos em toneladas."
"X";"Valor inibido para não identificar o informante.
Ex: Determinado município só possui uma empresa produtora de cimento, logo o valor de sua produção deve ser inibido."
"..";"Valor não se aplica.
Ex: Não se pode obter o total da produção agrícola em determinado município quando os produtos agrícolas são contabilizados com unidades de medida distintas."
"...";"Valor não disponível.
Ex: A produção de feijão em determinado município não foi pesquisada ou determinado município não existia no ano da pesquisa."
"A a Z
(exceto X)";"Significa uma faixa de valores. Varia em função da tabela (se for o caso).
Ex: O nível de precisão da produção estimada de combustíveis está na faixa A (95 a 100%)"
